"Country Code","Short Name","Table Name","Long Name","2-alpha code","Currency Unit","Special Notes","Region","Income Group","WB-2 code","National accounts base year","National accounts reference year","SNA price valuation","Lending category","Other groups","System of National Accounts","Alternative conversion factor","PPP survey year","Balance of Payments Manual in use","External debt Reporting status","System of trade","Government Accounting concept","IMF data dissemination standard","Latest population census","Latest household survey","Source of most recent Income and expenditure data","Vital registration complete","Latest agricultural census","Latest industrial data","Latest trade data","Latest water withdrawal data",
"AFG","Afghanistan","Afghanistan","Islamic State of Afghanistan","AF","Afghan afghani","Fiscal year end: March 20; reporting period for national accounts data: FY (from 2013 are CY). National accounts data are sourced from the IMF and differ from the Central Statistics Organization numbers due to exclusion of the opium economy.","South Asia","Low income","AF","2002/03","","Value added at basic prices (VAB)","IDA","HIPC","Country uses the 1993 System of National Accounts methodology.","","","IMF Balance of Payments Manual, 6th edition.","Actual","General trade system","Consolidated central government","General Data Dissemination System (GDDS)","1979","Demographic and Health Survey, 2015","Integrated household survey (IHS), 2011","","","","2014","2000",
"AGO","Angola","Angola","People's Republic of Angola","AO","Angolan kwanza","April 2013 database update: Based on IMF data, national accounts data were revised for 2000 onward; the base year changed to 2002.","Sub-Saharan Africa","Upper middle income","AO","2002","","Value added at producer prices (VAP)","IBRD","","Country uses the 1993 System of National Accounts methodology.","1991–96","2011","IMF Balance of Payments Manual, 6th edition.","Actual","","Budgetary central government","General Data Dissemination System (GDDS)","2014","Demographic and Health Survey, 2015","Integrated household survey (IHS), 2008/09","","","","","2005",
"ARM","Armenia","Armenia","Republic of Armenia","AM","Armenian dram","","Europe & Central Asia","Lower middle income","AM","Original chained constant price data are rescaled.","1996","Value added at basic prices (VAB)","IBRD","","Country uses the 1993 System of National Accounts methodology.","1990–95","2011","IMF Balance of Payments Manual, 6th edition.","Actual","General trade system","Consolidated central government","Special Data Dissemination Standard (SDDS)","2011","Demographic and Health Survey, 2015","Integrated household survey (IHS), 2013","Yes","2014","","2014","2012",
"BDI","Burundi","Burundi","Republic of Burundi","BI","Burundi franc","","Sub-Saharan Africa","Low income","BI","2005","","Value added at basic prices (VAB)","IDA","HIPC","Country uses the 1993 System of National Accounts methodology.","","2011","IMF Balance of Payments Manual, 6th edition.","Actual","General trade system","Budgetary central government","General Data Dissemination System (GDDS)","2008","Malaria Indicator Survey, 2012","Core Welfare Indicator Questionnaire Survey (CWIQ), 2006","","","2010","2014","2000",
"BEN","Benin","Benin","Republic of Benin","BJ","West African CFA franc","Based on official government statistics, the new base year is 2007. Price valuation is in basic prices.","Sub-Saharan Africa","Low income","BJ","2007","","Value added at basic prices (VAB)","IDA","HIPC","Country uses the 1968 System of National Accounts methodology.","1992","2011","IMF Balance of Payments Manual, 6th edition.","Actual","General trade system","Budgetary central government","General Data Dissemination System (GDDS)","2013","Multiple Indicator Cluster Survey, 2014","Core Welfare Indicator Questionnaire Survey (CWIQ), 2011/12","","","","2014","2001",
"BFA","Burkina Faso","Burkina Faso","Burkina Faso","BF","West African CFA franc","","Sub-Saharan Africa","Low income","BF","1999","","Value added at basic prices (VAB)","IDA","HIPC","Country uses the 1993 System of National Accounts methodology.","1992–93","2011","IMF Balance of Payments Manual, 6th edition.","Actual","General trade system","Budgetary central government","General Data Dissemination System (GDDS)","2006","Living Standards Measurement Study, 2014; Malaria Indicator Survey, 2014","Core Welfare Indicator Questionnaire Survey (CWIQ), 2009","","2006-10","","2014","2005",
"BGD","Bangladesh","Bangladesh","People's Republic of Bangladesh","BD","Bangladeshi taka","Fiscal year end: June 30; reporting period for national accounts data: FY. The new base year is 2005/06.","South Asia","Lower middle income","BD","2005/06","","Value added at basic prices (VAB)","IDA","","Country uses the 1993 System of National Accounts methodology.","","2011","IMF Balance of Payments Manual, 6th edition.","Preliminary","General trade system","Consolidated central government","General Data Dissemination System (GDDS)","2011","Demographic and Health Survey, 2014; HIV/Maternal and Child Health Service Provision Assessment Survey, 2014","Integrated household survey (IHS), 2010","","2008","2011","2011","2008",
"BIH","Bosnia and Herzegovina","Bosnia and Herzegovina","Bosnia and Herzegovina","BA","Bosnia and Herzegovina convertible mark","Based on official government statistics for chain linked series; the new reference year is 2010.","Europe & Central Asia","Upper middle income","BA","Original chained constant price data are rescaled.","2010","Value added at basic prices (VAB)","IBRD","","Country uses the 1993 System of National Accounts methodology.","","Rolling","IMF Balance of Payments Manual, 6th edition.","Actual","Special trade system","Consolidated central government","General Data Dissemination System (GDDS)","2013","Multiple Indicator Cluster Survey, 2011/12","Living Standards Measurement Study Survey (LSMS), 2007","Yes","","2011","2014","2012",
"BOL","Bolivia","Bolivia","Plurinational State of Bolivia","BO","Bolivian Boliviano","","Latin America & Caribbean","Lower middle income","BO","1990","","Value added at basic prices (VAB)","Blend","HIPC","Country uses the 1968 System of National Accounts methodology.","1960–85","2011","IMF Balance of Payments Manual, 6th edition.","Actual","General trade system","Consolidated central government","General Data Dissemination System (GDDS)","2012","Demographic and Health Survey, 2008","Integrated household survey (IHS), 2013","","2013","2001","2014","2009",
"BTN","Bhutan","Bhutan","Kingdom of Bhutan","BT","Bhutanese ngultrum","April 2013 database update: Data were updated using the government of Bhutan macroeconomic framework.","South Asia","Lower middle income","BT","2000","","Value added at basic prices (VAB)","IDA","","Country uses the 1993 System of National Accounts methodology.","","2011","IMF Balance of Payments Manual, 6th edition.","Actual","General trade system","Consolidated central government","General Data Dissemination System (GDDS)","2005","Multiple Indicator Cluster Survey, 2010","Integrated household survey (IHS), 2012","","2009. Natural Resources Census, Livestock Census, Livestock and Aquaculture Census or Sample Agricultural Census.","","2012","2008",
"CAF","Central African Republic","Central African Republic","Central African Republic","CF","Central African CFA franc","The base year has reverted back to 1985.","Sub-Saharan Africa","Low income","CF","1985","","Value added at basic prices (VAB)","IDA","HIPC","Country uses the 1968 System of National Accounts methodology.","","2011","IMF Balance of Payments Manual, 6th edition.","Actual","Special trade system","Budgetary central government","General Data Dissemination System (GDDS)","2003","Multiple Indicator Cluster Survey, 2010","Priority survey (PS), 2008","","","","2014","2005",
"CIV","Côte d'Ivoire","Côte d'Ivoire","Republic of Côte d'Ivoire","CI","West African CFA franc","The new base year is 2009.","Sub-Saharan Africa","Lower middle income","CI","2009","","Value added at producer prices (VAP)","IDA","HIPC","Country uses the 1968 System of National Accounts methodology.","","2011","IMF Balance of Payments Manual, 6th edition.","Actual","Special trade system","Budgetary central government","General Data Dissemination System (GDDS)","2014","Demographic and Health Survey, 2011/12","Integrated household survey (IHS), 2015","","2014/15","","2014","2005",
"CMR","Cameroon","Cameroon","Republic of Cameroon","CM","Central African CFA franc","","Sub-Saharan Africa","Lower middle income","CM","2000","","Value added at basic prices (VAB)","Blend","HIPC","Country uses the 1993 System of National Accounts methodology.","","2011","IMF Balance of Payments Manual, 6th edition.","Actual","Special trade system","Budgetary central government","General Data Dissemination System (GDDS)","2005","Multiple Indicator Cluster Survey, 2014","Priority survey (PS), 2007","","2013. Natural Resources Census, Livestock Census, Livestock and Aquaculture Census or Sample Agricultural Census.","2002","2014","2000",
"COD","Dem. Rep. Congo","Congo, Dem. Rep.","Democratic Republic of the Congo","CD","Congolese franc","Based on official government statistics; the new base year 2005.","Sub-Saharan Africa","Low income","ZR","2005","","Value added at basic prices (VAB)","IDA","HIPC","Country uses the 1968 System of National Accounts methodology.","1999–2001","2011","IMF Balance of Payments Manual, 6th edition.","Preliminary","Special trade system","Budgetary central government","General Data Dissemination System (GDDS)","1984","Demographic and Health Survey, 2013/14","1-2-3 survey (1-2-3), 2012/13","","","","","2005",
"COG","Congo","Congo, Rep.","Republic of Congo","CG","Central African CFA franc","April 2013 database update: Based on IMF data, national accounts data were revised for 1990 onward; the base year changed to 1990.","Sub-Saharan Africa","Lower middle income","CG","1990","","Value added at producer prices (VAP)","Blend","HIPC","Country uses the 1968 System of National Accounts methodology.","1993","2011","IMF Balance of Payments Manual, 6th edition.","Actual","Special trade system","Budgetary central government","General Data Dissemination System (GDDS)","2007","Multiple Indicator Cluster Survey 2014/15","Core Welfare Indicator Questionnaire Survey (CWIQ)/Priority survey (PS), 2011","","2014/15","2009","2014","2002",
"COM","Comoros","Comoros","Union of the Comoros","KM","Comorian franc","","Sub-Saharan Africa","Low income","KM","1990","","Value added at producer prices (VAP)","IDA","HIPC","Country uses the 1968 System of National Accounts methodology.","","2011","IMF Balance of Payments Manual, 6th edition.","Actual","","","General Data Dissemination System (GDDS)","2003","Demographic and Health Survey, 2012","Integrated household survey (IHS), 2004","","","","2013","1999",
"CPV","Cabo Verde","Cabo Verde","Republic of Cabo Verde","CV","Cabo Verde escudo","Cabo Verde is the new name for the country previously listed as Cape Verde. Based on official government statistics and IMF data, national accounts data have been revised from 1990 onward; the new base year is 2007.","Sub-Saharan Africa","Lower middle income","CV","2007","","Value added at producer prices (VAP)","Blend","","Country uses the 1993 System of National Accounts methodology.","","2011","IMF Balance of Payments Manual, 6th edition.","Actual","Special trade system","Consolidated central government","General Data Dissemination System (GDDS)","2010","Demographic and Health Survey, 2005","Core Welfare Indicator Questionnaire Survey (CWIQ), 2007","Yes","2014/15","","2014","2001",
"DFS","IDA countries classified as fragile situations","IDA countries classified as fragile situations","IDA countries classified as fragile situations","D8","","IDA countries classified as fragile situations aggregate.","","","D8","","","","","","","","","","","","","","","","","","","","","",
"DJI","Djibouti","Djibouti","Republic of Djibouti","DJ","Djibouti franc","","Middle East & North Africa","Lower middle income","DJ","1990","","Value added at basic prices (VAB)","IDA","","Country uses the 1968 System of National Accounts methodology.","","2011","IMF Balance of Payments Manual, 6th edition.","Actual","","","General Data Dissemination System (GDDS)","2009","Multiple Indicator Cluster Survey, 2006","Priority survey (PS), 2012","","2015. Natural Resources Census, Livestock Census, Livestock and Aquaculture Census or Sample Agricultural Census.","","2009","2000",
"DMA","Dominica","Dominica","Commonwealth of Dominica","DM","East Caribbean dollar","April 2012 database update: Based on official government statistics, national accounts data were revised for 2000 onward; the base year changed to 2006.","Latin America & Caribbean","Upper middle income","DM","2006","","Value added at basic prices (VAB)","Blend","","Country uses the 1993 System of National Accounts methodology.","","2011","IMF Balance of Payments Manual, 6th edition.","Actual","Special trade system","Budgetary central government","General Data Dissemination System (GDDS)","2011","","","Yes","2015","","2012","2010",
"DNF","IDA countries not classified as Fragile Situations","IDA countries not classified as Fragile Situations","IDA countries not classified as Fragile Situations","D9","","IDA countries not classified as Fragile Situations aggregate.","","","D9","","","","","","","","","","","","","","","","","","","","","",
"DNS","IDA countries in Sub-Saharan Africa not classified as fragile situations ","IDA countries in Sub-Saharan Africa not classified as fragile situations ","IDA countries in Sub-Saharan Africa not classified as fragile situations ","","","IDA countries in Sub-Saharan Africa not classified as fragile situations  aggregate.","","","N6","","","","","","","","","","","","","","","","","","","","","",
"DSF","IDA countries in Sub-Saharan Africa classified as fragile situations ","IDA countries in Sub-Saharan Africa classified as fragile situations ","IDA countries in Sub-Saharan Africa classified as fragile situations ","","","IDA countries in Sub-Saharan Africa classified as fragile situations  aggregate.","","","F6","","","","","","","","","","","","","","","","","","","","","",
"DSS","Sub-Saharan Africa (IDA-eligible countries)","Sub-Saharan Africa (IDA-eligible countries)","Sub-Saharan Africa (IDA-eligible countries)","D6","","Sub-Saharan Africa (IDA-eligible countries) aggregate.","","","D6","","","","","","","","","","","","","","","","","","","","","",
"DXS","IDA total, excluding Sub-Saharan Africa","IDA total, excluding Sub-Saharan Africa","IDA total, excluding Sub-Saharan Africa","","","IDA total, excluding Sub-Saharan Africa aggregate.","","","6D","","","","","","","","","","","","","","","","","","","","","",
"ERI","Eritrea","Eritrea","State of Eritrea","ER","Eritrean nakfa","April 2013 database update: Based on IMF data, national accounts data were revised for 2000 onward; the base year changed to 2000.","Sub-Saharan Africa","Low income","ER","2000","","Value added at basic prices (VAB)","IDA","HIPC","Country uses the 1968 System of National Accounts methodology.","","","IMF Balance of Payments Manual, 6th edition.","Estimate","","","","1984","Demographic and Health Survey, 2002","Priority survey (PS), 1993","","","2012","2003","2004",
"ETH","Ethiopia","Ethiopia","Federal Democratic Republic of Ethiopia","ET","Ethiopian birr","Fiscal year end: July 7; reporting period for national accounts data: FY. Based on IMF data, national accounts data have been revised for 2000 onward; the new base year is 2010/11.","Sub-Saharan Africa","Low income","ET","2010/11","","Value added at basic prices (VAB)","IDA","HIPC","Country uses the 1993 System of National Accounts methodology.","","2011","IMF Balance of Payments Manual, 6th edition.","Actual","General trade system","Budgetary central government","General Data Dissemination System (GDDS)","2007","HIV/Maternal and Child Health Service Provision Assessment Survey, 2014","Expenditure survey/budget survey (ES/BS), 2010/11","","","2009","2014","2002",
"FSM","Micronesia","Micronesia, Fed. Sts.","Federated States of Micronesia","FM","U.S. dollar","Fiscal year ends on September 30; reporting period for national accounts data: FY. Based on the Pacific and Virgin Islands Training Initiative, national accounts data have been revised from 2009 onward. 2013 estimates are based on the IMF Small States Monitor, Issue 1.2014. In 2010, the government statistical office revised national accounts data for 1995-2008.","East Asia & Pacific","Lower middle income","FM","2003/04","","Value added at basic prices (VAB)","IDA","","Country uses the 1993 System of National Accounts methodology.","","2011 (household consumption only).","IMF Balance of Payments Manual, 6th edition.","","General trade system","Budgetary central government","General Data Dissemination System (GDDS)","2010","","Integrated household survey (IHS), 2000","","","","2013","",
"FXS","IDA countries classified as fragile situations, excluding Sub-Saharan Africa","IDA countries classified as fragile situations, excluding Sub-Saharan Africa","IDA countries classified as fragile situations, excluding Sub-Saharan Africa","","","IDA countries classified as fragile situations, excluding Sub-Saharan Africa aggregate.","","","6F","","","","","","","","","","","","","","","","","","","","","",
"GEO","Georgia","Georgia","Georgia","GE","Georgian lari","Value added data in constant prices before 2007 have been temporarily removed until revised series become available. Constant price expenditure estimates before 2011 have been deleted.","Europe & Central Asia","Upper middle income","GE","Original chained constant price data are rescaled.","1996","Value added at basic prices (VAB)","IBRD","","Country uses the 1993 System of National Accounts methodology.","1990–95","2011","IMF Balance of Payments Manual, 6th edition.","Actual","General trade system","Consolidated central government","Special Data Dissemination Standard (SDDS)","2014","Multiple Indicator Cluster Survey, 2005; Reproductive Health Survey, 2005","Integrated household survey (IHS), 2013","Yes","","2012","2014","2008",
"GHA","Ghana","Ghana","Republic of Ghana","GH","New Ghanaian cedi","In 2010, the Ghana Statistical Service revised the base year for Ghana's national accounts series from 1993 to 2006. The new GDP data were about 60 percent higher than previously reported and incorporated improved data sources and methodology.","Sub-Saharan Africa","Lower middle income","GH","2006","","Value added at basic prices (VAB)","IDA","HIPC","Country uses the 1993 System of National Accounts methodology.","1973–87","2011","IMF Balance of Payments Manual, 6th edition.","Actual","General trade system","Budgetary central government","General Data Dissemination System (GDDS)","2010","Demographic and Health Survey, 2014","Living Standards Measurement Study Survey (LSMS), 2012","","","2003","2013","2000",
"GIN","Guinea","Guinea","Republic of Guinea","GN","Guinean franc","","Sub-Saharan Africa","Low income","GN","2003","","Value added at basic prices (VAB)","IDA","HIPC","Country uses the 1993 System of National Accounts methodology.","","2011","IMF Balance of Payments Manual, 6th edition.","Actual","","Budgetary central government","General Data Dissemination System (GDDS)","2014","Demographic and Health Survey, 2012","Core Welfare Indicator Questionnaire Survey (CWIQ), 2012","","","","2014","2001",
"GMB","The Gambia","Gambia, The","Republic of The Gambia","GM","Gambian dalasi","Fiscal year end: June 30; reporting period for national accounts data: CY. April 2013 database update: Based on official government statistics, national accounts data were revised for 2004 onward; the base year changed to 2004.","Sub-Saharan Africa","Low income","GM","2004","","Value added at producer prices (VAP)","IDA","HIPC","Country uses the 1993 System of National Accounts methodology.","","2011","IMF Balance of Payments Manual, 6th edition.","Actual","General trade system","Consolidated central government","General Data Dissemination System (GDDS)","2013","Demographic and Health Survey, 2013","Integrated household survey (IHS), 2010","","2011/12","2004","2014","2000",
"GNB","Guinea-Bissau","Guinea-Bissau","Republic of Guinea-Bissau","GW","West African CFA franc","In 2010, national accounts data for 2003-09 were revised. The new data had broader coverage of all sectors of the economy, and GDP in current prices averaged 89 percent higher than previous estimates.","Sub-Saharan Africa","Low income","GW","2005","","Value added at basic prices (VAB)","IDA","HIPC","Country uses the 1993 System of National Accounts methodology.","","2011","IMF Balance of Payments Manual, 6th edition.","Estimate","","","General Data Dissemination System (GDDS)","2009","Multiple Indicator Cluster Survey, 2014","Core Welfare Indicator Questionnaire Survey (CWIQ), 2010","","","","2005","2000",
"GRD","Grenada","Grenada","Grenada","GD","East Caribbean dollar","April 2012 database update: Based on official government statistics, national accounts data were revised for 2000 onward; the base year changed to 2006.","Latin America & Caribbean","Upper middle income","GD","2006","","Value added at basic prices (VAB)","Blend","","Country uses the 1968 System of National Accounts methodology.","","2011","IMF Balance of Payments Manual, 6th edition.","Actual","","Budgetary central government","General Data Dissemination System (GDDS)","2011","Reproductive Health Survey, 1985","","Yes","2012","","2009","2014",
"GUY","Guyana","Guyana","Co-operative Republic of Guyana","GY","Guyana dollar","In 2010, the Bureau of Statistics introduced a new series of GDP rebased to year 2006. Current price GDP averaged 63 percent higher than previous estimates.","Latin America & Caribbean","Upper middle income","GY","2006","","Value added at basic prices (VAB)","IDA","HIPC","Country uses the 1993 System of National Accounts methodology.","","","IMF Balance of Payments Manual, 6th edition.","Actual","Special trade system","","General Data Dissemination System (GDDS)","2012","Multiple Indicator Cluster Survey, 2014","Integrated household survey (IHS), 1998","","","","2014","2010",
"HND","Honduras","Honduras","Republic of Honduras","HN","Honduran lempira","","Latin America & Caribbean","Lower middle income","HN","2000","","Value added at basic prices (VAB)","IDA","HIPC","Country uses the 1993 System of National Accounts methodology.","1988–89","2011","IMF Balance of Payments Manual, 6th edition.","Actual","Special trade system","Consolidated central government","General Data Dissemination System (GDDS)","2013","Demographic and Health Survey, 2011/12","Integrated household survey (IHS), 2014","","","","2014","2003",
"HTI","Haiti","Haiti","Republic of Haiti","HT","Haitian gourde","Fiscal year end: September 30; reporting period for national accounts data: FY. In 2010, the government revised national accounts data following changes in the methodology. Current price series since 1991 and constant price series since 1996 were revised.","Latin America & Caribbean","Low income","HT","1986/87","","Value added at basic prices (VAB)","IDA","HIPC","Country uses the 1968 System of National Accounts methodology.","1991","2011","IMF Balance of Payments Manual, 6th edition.","Actual","","","General Data Dissemination System (GDDS)","2003","HIV/Maternal and Child Health Service Provision Assessment Survey, 2013","Integrated household survey (IHS), 2012","","2008/09","","1997","2009",
"IDA","IDA total","IDA total","IDA total","XG","","IDA total group aggregate (includes IDA only and IDA blend).","","","XG","","","","","","","","","","","","","","","","","","","","","",
"IND","India","India","Republic of India","IN","Indian rupee","Fiscal year end: March 31; reporting period for national accounts data: FY. Based on official government statistics; the new base year is 2011/12. India reports using SNA 2008.","South Asia","Lower middle income","IN","2011/12","","Value added at basic prices (VAB)","IBRD","","Country uses the 2008 System of National Accounts methodology.","","2011","IMF Balance of Payments Manual, 6th edition.","Actual","General trade system","Consolidated central government","Special Data Dissemination Standard (SDDS)","2011","Demographic and Health Survey, 2005/06","Integrated household survey (IHS), 2011/12","","2010/11","2011","2014","2010",
"KEN","Kenya","Kenya","Republic of Kenya","KE","Kenyan shilling","Fiscal year end: June 30; reporting period for national accounts data: CY. Based on official government statistics; the new base year is 2009.","Sub-Saharan Africa","Lower middle income","KE","2009","","Value added at basic prices (VAB)","IDA","","Country uses the 2008 System of National Accounts methodology.","","2011","IMF Balance of Payments Manual, 6th edition.","Actual","General trade system","Budgetary central government","General Data Dissemination System (GDDS)","2009","Demographic and Health Survey, 2014","Integrated household survey (IHS), 2005/06","","","2012","2013","2010",
"KGZ","Kyrgyz Republic","Kyrgyz Republic","Kyrgyz Republic","KG","Kyrgyz som","","Europe & Central Asia","Lower middle income","KG","Original chained constant price data are rescaled.","1995","Value added at basic prices (VAB)","IDA","HIPC","Country uses the 1993 System of National Accounts methodology.","1990–95","2011","IMF Balance of Payments Manual, 6th edition.","Actual","General trade system","Budgetary central government","Special Data Dissemination Standard (SDDS)","2009","Multiple Indicator Cluster Survey, 2014","Expenditure survey/budget survey (ES/BS), 2014","Yes","","2010","2013","2006",
"KHM","Cambodia","Cambodia","Kingdom of Cambodia","KH","Cambodian riel","","East Asia & Pacific","Lower middle income","KH","2000","","Value added at basic prices (VAB)","IDA","","Country uses the 1993 System of National Accounts methodology.","","2011","IMF Balance of Payments Manual, 6th edition.","Actual","General trade system","Budgetary central government","General Data Dissemination System (GDDS)","2008","Demographic and Health Survey, 2014","Integrated household survey (IHS), 2012","","2013","2000","2013","2006",
"KIR","Kiribati","Kiribati","Republic of Kiribati","KI","Australian dollar","Based on IMF and World Bank data, GDP in current and constant prices have been revised from 2000 onward. Value added components are calculated using shares from the Asian Development Bank.","East Asia & Pacific","Lower middle income","KI","2006","","Value added at basic prices (VAB)","IDA","","Country uses the 1993 System of National Accounts methodology.","","2011 (household consumption only).","IMF Balance of Payments Manual, 6th edition.","","Special trade system","Consolidated central government","General Data Dissemination System (GDDS)","2010","Kiribati Demographic and Health Survey, 2009","","","","","2013","",
"LAO","Lao PDR","Lao PDR","Lao People's Democratic Republic","LA","Lao kip","","East Asia & Pacific","Lower middle income","LA","2002","","Value added at basic prices (VAB)","IDA","","Country uses the 1993 System of National Accounts methodology.","","2011","IMF Balance of Payments Manual, 6th edition.","Actual","","Budgetary central government","","2005","Multiple Indicator Cluster Survey/Demographic and Health Survey, 2011/12","Expenditure survey/budget survey (ES/BS), 2012","","2010/11","","","2005",
"LBR","Liberia","Liberia","Republic of Liberia","LR","U.S. dollar","National accounts local currency data have been revised to be reported in U.S. dollars instead of Liberian dollars.","Sub-Saharan Africa","Low income","LR","2000","","Value added at producer prices (VAP)","IDA","HIPC","Country uses the 1968 System of National Accounts methodology.","","2011","IMF Balance of Payments Manual, 6th edition.","Actual","","Consolidated central government","General Data Dissemination System (GDDS)","2008","Demographic and Health Survey, 2013","Core Welfare Indicator Questionnaire Survey (CWIQ), 2007","","","","","2000",
"LCA","St. Lucia","St. Lucia","St. Lucia","LC","East Caribbean dollar","April 2012 database update: Based on official government statistics, national accounts data were revised for 2000 onward; the base year changed to 2006.","Latin America & Caribbean","Upper middle income","LC","2006","","Value added at basic prices (VAB)","Blend","","Country uses the 1968 System of National Accounts methodology.","","2011","IMF Balance of Payments Manual, 6th edition.","Actual","","Budgetary central government","General Data Dissemination System (GDDS)","2010","Multiple Indicator Cluster Survey, 2012","Integrated household survey (IHS), 1995","Yes","2007","","2014","2007",
"LKA","Sri Lanka","Sri Lanka","Democratic Socialist Republic of Sri Lanka","LK","Sri Lankan rupee","The Sri Lankan government has changed methodology and revised the production side of national accounts from 2010 to 2014. The new base year is 2010.","South Asia","Lower middle income","LK","2010","","Value added at producer prices (VAP)","Blend","","Country uses the 1993 System of National Accounts methodology.","","2011","IMF Balance of Payments Manual, 6th edition.","Actual","General trade system","Budgetary central government","Special Data Dissemination Standard (SDDS)","2012","Demographic and Health Survey, 2006/07","Expenditure survey/budget survey (ES/BS), 2012/13","Yes","2013","2011","2014","2005",
"LSO","Lesotho","Lesotho","Kingdom of Lesotho","LS","Lesotho loti","Fiscal year end: March 31; reporting period for national accounts data: CY.","Sub-Saharan Africa","Lower middle income","LS","2004","","Value added at basic prices (VAB)","IDA","","Country uses the 1993 System of National Accounts methodology.","","2011","IMF Balance of Payments Manual, 6th edition.","Actual","General trade system","Budgetary central government","General Data Dissemination System (GDDS)","2006","Demographic and Health Survey, 2014","Expenditure survey/budget survey (ES/BS), 2010","","2010","","2012","2000",
"MDA","Moldova","Moldova","Republic of Moldova","MD","Moldovan leu","","Europe & Central Asia","Lower middle income","MD","Original chained constant price data are rescaled.","1996","Value added at basic prices (VAB)","Blend","","Country uses the 1993 System of National Accounts methodology.","1990–95","2011","IMF Balance of Payments Manual, 6th edition.","Actual","General trade system","Consolidated central government","Special Data Dissemination Standard (SDDS)","2014","Multiple Indicator Cluster Survey, 2012","Expenditure survey/budget survey (ES/BS), 2013","Yes","2011","2012","2014","2007",
"MDG","Madagascar","Madagascar","Republic of Madagascar","MG","Malagasy ariary","","Sub-Saharan Africa","Low income","MG","1984","","Value added at basic prices (VAB)","IDA","HIPC","Country uses the 1968 System of National Accounts methodology.","","2011","IMF Balance of Payments Manual, 6th edition.","Actual","General trade system","Consolidated central government","General Data Dissemination System (GDDS)","1993","Malaria Indicator Survey, 2013","Priority survey (PS), 2010","","","2006","2014","2000",
"MDV","Maldives","Maldives","Republic of Maldives","MV","Maldivian rufiyaa","April 2012 database update: The Department of National Planning revised national accounts data for 2000 onward; the base year changed to 2003.","South Asia","Upper middle income","MV","2003","","Value added at basic prices (VAB)","IDA","","Country uses the 1993 System of National Accounts methodology.","","2011","IMF Balance of Payments Manual, 6th edition.","Actual","General trade system","Consolidated central government","General Data Dissemination System (GDDS)","2014","Demographic and Health Survey, 2009","Integrated household survey (IHS), 2009/10","Yes","","","2014","2008",
"MHL","Marshall Islands","Marshall Islands","Republic of the Marshall Islands","MH","U.S. dollar","Fiscal year ends on September 30; reporting period for national accounts data: FY.","East Asia & Pacific","Upper middle income","MH","2003/04","","Value added at basic prices (VAB)","IDA","","Country uses the 1968 System of National Accounts methodology.","","2011 (household consumption only).","","","","Budgetary central government","General Data Dissemination System (GDDS)","2011","Republic of the Marshall Islands Demographic and Health Survey, 2007","Integrated household survey (IHS), 1999","","","","","",
"MLI","Mali","Mali","Republic of Mali","ML","West African CFA franc","","Sub-Saharan Africa","Low income","ML","1987","","Value added at basic prices (VAB)","IDA","HIPC","Country uses the 1968 System of National Accounts methodology.","","2011","IMF Balance of Payments Manual, 6th edition.","Actual","General trade system","Budgetary central government","General Data Dissemination System (GDDS)","2009","Multiple Indicator Cluster Survey, 2015; Malaria Indicator Survey, 2015","Integrated household survey (IHS), 2009/10","","","","2012","2006",
"MMR","Myanmar","Myanmar","Republic of the Union of Myanmar","MM","Myanmar kyat","Fiscal year end: March 31; reporting period for national accounts data: FY.","East Asia & Pacific","Lower middle income","MM","2005/06","","Value added at producer prices (VAP)","IDA","","Country uses the 1968 System of National Accounts methodology.","","2011","IMF Balance of Payments Manual, 6th edition.","Estimate","General trade system","Consolidated central government","General Data Dissemination System (GDDS)","2014","Demographic and Health Survey, 2015/16","","","2010","","2010","2000",
"MNG","Mongolia","Mongolia","Mongolia","MN","Mongolian tugrik","Based on data revised by the National Statistics Office of Mongolia, the new base year is 2010.","East Asia & Pacific","Lower middle income","MN","2010","","Value added at basic prices (VAB)","Blend","","Country uses the 1993 System of National Accounts methodology.","","2011","IMF Balance of Payments Manual, 6th edition.","Actual","General trade system","Consolidated central government","General Data Dissemination System (GDDS)","2010","Multiple Indicator Cluster Survey, 2013/14","Living Standards Measurement Study Survey (LSMS), 2014","Yes","2011","2011","2014","2009",
"MOZ","Mozambique","Mozambique","Republic of Mozambique","MZ","New Mozambican metical","Based on official government statistics; the new base year is 2009.","Sub-Saharan Africa","Low income","MZ","2009","","Value added at basic prices (VAB)","IDA","HIPC","Country uses the 1993 System of National Accounts methodology.","1992–95","2011","IMF Balance of Payments Manual, 6th edition.","Actual","General trade system","Budgetary central government","General Data Dissemination System (GDDS)","2007","AIDS Indicator Survey, 2014","Expenditure survey/budget survey (ES/BS), 2008/09","","2009/10","","2014","2001",
"MRT","Mauritania","Mauritania","Islamic Republic of Mauritania","MR","Mauritanian ouguiya","Based on official statistics from the Ministry of Economic Affairs and Development; the base year has been returned to 2004.","Sub-Saharan Africa","Lower middle income","MR","2004","","Value added at basic prices (VAB)","IDA","HIPC","Country uses the 1993 System of National Accounts methodology.","","2011","IMF Balance of Payments Manual, 6th edition.","Actual","General trade system","","General Data Dissemination System (GDDS)","2013","Multiple Indicator Cluster Survey, 2015","Integrated household survey (IHS), 2008","","","","2014","2005",
"MWI","Malawi","Malawi","Republic of Malawi","MW","Malawi kwacha","Fiscal year end: March 31; reporting period for national accounts data: CY. The new base year is 2010.","Sub-Saharan Africa","Low income","MW","2010","","Value added at basic prices (VAB)","IDA","HIPC","Country uses the 2008 System of National Accounts methodology.","","2011","IMF Balance of Payments Manual, 6th edition.","Actual","General trade system","Budgetary central government","General Data Dissemination System (GDDS)","2008","Demographic and Health Survey, 2015/16","Integrated household survey (IHS), 2010/11","","2006/07","2010","2014","2005",
"NER","Niger","Niger","Republic of Niger","NE","West African CFA franc","Based on official government statistics, national accounts data have been revised from 2006 onward; the new base year is 2006.","Sub-Saharan Africa","Low income","NE","2006","","Value added at producer prices (VAP)","IDA","HIPC","Country uses the 1993 System of National Accounts methodology.","1993","2011","IMF Balance of Payments Manual, 6th edition.","Actual","General trade system","Budgetary central government","General Data Dissemination System (GDDS)","2012","Demographic and Health Survey, 2012","Core Welfare Indicator Questionnaire Survey (CWIQ)/Priority survey (PS), 2011","","2004-08","2002","2014","2005",
"NGA","Nigeria","Nigeria","Federal Republic of Nigeria","NG","Nigerian naira","Based on official government statistics released 6 April, 2014, national accounts data have been revised from 2010 onward; the new base year is 2010. The new GDP data are 60 to 75 percent higher than previously reported and incorporate improved data sources and methodology. Nigeria reports using SNA 2008.","Sub-Saharan Africa","Lower middle income","NG","2010","","Value added at basic prices (VAB)","Blend","","Country uses the 2008 System of National Accounts methodology.","1971–98","2011","IMF Balance of Payments Manual, 6th edition.","Actual","General trade system","Budgetary central government","General Data Dissemination System (GDDS)","2006","Malaria Indicator Survey, 2015","Integrated household survey (IHS), 2009/10","","2013","","2014","2005",
"NIC","Nicaragua","Nicaragua","Republic of Nicaragua","NI","Nicaraguan gold cordoba","April 2013 database update: Based on official government statistics, national accounts data were revised for 1994 onward; the base year changed to 2006.","Latin America & Caribbean","Lower middle income","NI","2006","","Value added at basic prices (VAB)","IDA","HIPC","Country uses the 1993 System of National Accounts methodology.","1965–95","2011","IMF Balance of Payments Manual, 6th edition.","Actual","General trade system","Budgetary central government","General Data Dissemination System (GDDS)","2005","Reproductive Health Survey, 2006/2007","Living Standards Measurement Study Survey (LSMS), 2014","","2011","","2014","2011",
"NLS","Non-resource rich Sub-Saharan Africa countries, of which landlocked","Non-resource rich Sub-Saharan Africa countries, of which landlocked","Non-resource rich Sub-Saharan Africa countries, of which landlocked","","","Non-resource rich Sub-Saharan Africa countries, of which landlocked aggregate.","","","6L","","","","","","","","","","","","","","","","","","","","","",
"NPL","Nepal","Nepal","Nepal","NP","Nepalese rupee","Fiscal year end: July 14; reporting period for national accounts data: FY.","South Asia","Low income","NP","2000/01","","Value added at basic prices (VAB)","IDA","","Country uses the 1993 System of National Accounts methodology.","","2011","IMF Balance of Payments Manual, 6th edition.","Actual","Special trade system","Budgetary central government","General Data Dissemination System (GDDS)","2011","Maternal and Child Health Service Provision Assessment Survey, 2015","Living Standards Measurement Study Survey (LSMS), 2010/11","","2011/12","2011","2014","2006",
"NRS","Non-resource rich Sub-Saharan Africa countries","Non-resource rich Sub-Saharan Africa countries","Non-resource rich Sub-Saharan Africa countries","","","Non-resource rich Sub-Saharan Africa countries aggregate.","","","6X","","","","","","","","","","","","","","","","","","","","","",
"NXS","IDA countries not classified as fragile situations, excluding Sub-Saharan Africa","IDA countries not classified as fragile situations, excluding Sub-Saharan Africa","IDA countries not classified as fragile situations, excluding Sub-Saharan Africa","","","IDA countries not classified as fragile situations, excluding Sub-Saharan Africa aggregate.","","","6N","","","","","","","","","","","","","","","","","","","","","",
"PAK","Pakistan","Pakistan","Islamic Republic of Pakistan","PK","Pakistani rupee","Fiscal year end: June 30; reporting period for national accounts data: FY. The new base year is 2005/06.","South Asia","Lower middle income","PK","2005/06","","Value added at basic prices (VAB)","Blend","","Country uses the 1993 System of National Accounts methodology.","","2011","IMF Balance of Payments Manual, 6th edition.","Actual","General trade system","Budgetary central government","General Data Dissemination System (GDDS)","1998","Demographic and Health Survey, 2012/13","Integrated household survey (IHS), 2010/11","","2010","2006","2014","2008",
"PNG","Papua New Guinea","Papua New Guinea","The Independent State of Papua New Guinea","PG","Papua New Guinea kina","","East Asia & Pacific","Lower middle income","PG","1998","","Value added at basic prices (VAB)","Blend","","Country uses the 1993 System of National Accounts methodology.","1989","2011 (household consumption only).","IMF Balance of Payments Manual, 6th edition.","Actual","General trade system","Budgetary central government","General Data Dissemination System (GDDS)","2011","Living Standards Measurement Study, 1996","Integrated household survey (IHS), 2009/10","","","2001","2012","2005",
"RRS","Resource rich Sub-Saharan Africa countries","Resource rich Sub-Saharan Africa countries","Resource rich Sub-Saharan Africa countries","","","Resource rich Sub-Saharan Africa countries aggregate.","","","R6","","","","","","","","","","","","","","","","","","","","","",
"RSN","Resource rich Sub-Saharan Africa countries, of which non-oil exporters","Resource rich Sub-Saharan Africa countries, of which non-oil exporters","Resource rich Sub-Saharan Africa countries, of which non-oil exporters","","","Resource rich Sub-Saharan Africa countries, of which non-oil exporters aggregate.","","","6O","","","","","","","","","","","","","","","","","","","","","",
"RSO","Resource rich Sub-Saharan Africa countries, of which oil exporters","Resource rich Sub-Saharan Africa countries, of which oil exporters","Resource rich Sub-Saharan Africa countries, of which oil exporters","","","Resource rich Sub-Saharan Africa countries, of which oil exporters aggregate.","","","O6","","","","","","","","","","","","","","","","","","","","","",
"RWA","Rwanda","Rwanda","Republic of Rwanda","RW","Rwandan franc","Based on official government statistics, national accounts data are revised for 2006 onward; the new base year is 2011. Rwanda reports using SNA 2008.","Sub-Saharan Africa","Low income","RW","2011","","Value added at producer prices (VAP)","IDA","HIPC","Country uses the 2008 System of National Accounts methodology.","1994","2011","IMF Balance of Payments Manual, 6th edition.","Actual","General trade system","Budgetary central government","General Data Dissemination System (GDDS)","2012","Demographic and Health Survey, 2014/15","Integrated household survey (IHS), 2010/11","","2013","","2014","2000",
"SDN","Sudan","Sudan","Republic of the Sudan","SD","Sudanese pound","Demographic data (total population, life expectancy, fertility, child mortality, migration), education series, and HIV prevalence are reported separately for Sudan and South Sudan; see specific notes for other series. National accounts data exclude South Sudan after July 9, 2011. Other data reported for Sudan generally include South Sudan to 2011 unless otherwise noted. External debt data and land-related data (including population density, but excluding surface area after 2010) for all years include South Sudan.","Sub-Saharan Africa","Lower middle income","SD","1981/82. Reporting period switch from fiscal year to calendar year from 1996. Pre-1996 data converted to calendar year.","1996","Value added at basic prices (VAB)","IDA","HIPC","Country uses the 1968 System of National Accounts methodology.","","2011","IMF Balance of Payments Manual, 6th edition.","Preliminary","General trade system","Budgetary central government","General Data Dissemination System (GDDS)","2008","Multiple Indicator Cluster Survey, 2014","Expenditure survey/budget survey (ES/BS), 2009","","2015","2001","2012","2011",
"SEN","Senegal","Senegal","Republic of Senegal","SN","West African CFA franc","","Sub-Saharan Africa","Low income","SN","1999","","Value added at basic prices (VAB)","IDA","HIPC","Country uses the 1993 System of National Accounts methodology.","","2011","IMF Balance of Payments Manual, 6th edition.","Actual","General trade system","Budgetary central government","General Data Dissemination System (GDDS)","2013","Continuous Demographic and Health Survey, 2015; HIV/Maternal and Child Health Service Provision Assessment Survey, 2015","Priority survey (PS), 2011/12","","2014","2012","2014","2002",
"SLB","Solomon Islands","Solomon Islands","Solomon Islands","SB","Solomon Islands dollar","National accounts data have been revised from 2007 to 2013 based on IMF reports.","East Asia & Pacific","Lower middle income","SB","2004","","Value added at basic prices (VAB)","IDA","","Country uses the 1993 System of National Accounts methodology.","","2011 (household consumption only).","IMF Balance of Payments Manual, 6th edition.","Estimate","Special trade system","Budgetary central government","General Data Dissemination System (GDDS)","2009","Solomon Islands Demographic and Health Survey, 2006/07","Integrated household survey (IHS), 2005/06","","","","2014","",
"SLE","Sierra Leone","Sierra Leone","Republic of Sierra Leone","SL","Sierra Leonean leone","Fiscal year end: June 30; reporting period for national accounts data: CY. April 2013 database update: Based on official government statistics, national accounts data were revised for 1990 onward; the base year changed to 2006.","Sub-Saharan Africa","Low income","SL","2006","","Value added at basic prices (VAB)","IDA","HIPC","Country uses the 1993 System of National Accounts methodology.","","2011","IMF Balance of Payments Manual, 6th edition.","Actual","","Consolidated central government","General Data Dissemination System (GDDS)","2004","Demographic and Health Survey, 2013; Malaria Indicator Survey, 2013","Integrated household survey (IHS), 2011","","","","2014","2005",
"SOM","Somalia","Somalia","Somali Democratic Republic","SO","Somali shilling","","Sub-Saharan Africa","Low income","SO","1985","","Value added at basic prices (VAB)","IDA","HIPC","Country uses the 1968 System of National Accounts methodology.","1977–90","","","Estimate","","","","1987","Multiple Indicator Cluster Survey, 2006","","","","","","2003",
"SSD","South Sudan","South Sudan","Republic of South Sudan","SS","South Sudanese Pound","South Sudan declared its independence on July 9, 2011. Data are shown separately for South Sudan where available.","Sub-Saharan Africa","Low income","SS","2009","","","IDA","","Country uses the 1993 System of National Accounts methodology.","","","","","","","","2008","Multiple Indicator Cluster Survey, 2010","Expenditure survey/budget survey (ES/BS), 2009","","","","","2011",
"STP","São Tomé and Principe","São Tomé and Principe","Democratic Republic of São Tomé and Principe","ST","São Tomé and Principe dobra","The base year has changed to 2001.","Sub-Saharan Africa","Lower middle income","ST","2001","","Value added at producer prices (VAP)","IDA","HIPC","Country uses the 1993 System of National Accounts methodology.","","2011","IMF Balance of Payments Manual, 6th edition.","Actual","Special trade system","Budgetary central government","General Data Dissemination System (GDDS)","2012","Multiple Indicator Cluster Survey, 2014","Priority survey (PS), 2010","","2011/12","","2014","1993",
"TCD","Chad","Chad","Republic of Chad","TD","Central African CFA franc","Based on IMF data, national accounts data have been revised for 2005 onward; the new base year is 2005.","Sub-Saharan Africa","Low income","TD","2005","","Value added at basic prices (VAB)","IDA","HIPC","Country uses the 1993 System of National Accounts methodology.","","2011","IMF Balance of Payments Manual, 6th edition.","Estimate","","","General Data Dissemination System (GDDS)","2009","Demographic and Health Survey, 2014/15","Priority survey (PS), 2011","","","","1995","2005",
"TGO","Togo","Togo","Republic of Togo","TG","West African CFA franc","April 2013 database update: Based on IMF data, national accounts data have been revised for 2000; the new base year is 2000.","Sub-Saharan Africa","Low income","TG","2000","","Value added at producer prices (VAP)","IDA","HIPC","Country uses the 1968 System of National Accounts methodology.","","2011","IMF Balance of Payments Manual, 6th edition.","Actual","Special trade system","Budgetary central government","General Data Dissemination System (GDDS)","2010","Demographic and Health Survey, 2013/14","Core Welfare Indicator Questionnaire Survey (CWIQ), 2011","","2011-14","","2013","2002",
"TJK","Tajikistan","Tajikistan","Republic of Tajikistan","TJ","Tajik somoni","","Europe & Central Asia","Lower middle income","TJ","Original chained constant price data are rescaled.","2000","Value added at basic prices (VAB)","IDA","","Country uses the 1993 System of National Accounts methodology.","1990–95","2011","IMF Balance of Payments Manual, 6th edition.","Actual","","Consolidated central government","General Data Dissemination System (GDDS)","2010","Demographic and Health Survey, 2012","Living Standards Measurement Study Survey (LSMS), 2014","","2013","","2000","2006",
"TLS","Timor-Leste","Timor-Leste","Democratic Republic of Timor-Leste","TL","U.S. dollar","Based on official government statistics, national account data have been revised, and value added is measured at basic prices; the new base year is 2010.","East Asia & Pacific","Lower middle income","TP","2010","","Value added at basic prices (VAB)","Blend","","Country uses the 2008 System of National Accounts methodology.","","","IMF Balance of Payments Manual, 6th edition.","","","Consolidated central government","General Data Dissemination System (GDDS)","2010","Demographic and Health Survey, 2009/10","Living Standards Measurement Study Survey (LSMS), 2007","","","","2013","2004",
"TON","Tonga","Tonga","Kingdom of Tonga","TO","Tongan pa'anga","2013 national accounts estimates are based on IMF reports. Fiscal year ends on June 30; reporting period for national accounts data: FY. April 2013 database update: Based on data from the National Bureau of Statistics, national accounts data were revised; the base year changed to 2010/11.","East Asia & Pacific","Lower middle income","TO","2010/11","","Value added at basic prices (VAB)","IDA","","Country uses the 1993 System of National Accounts methodology.","","2011 (household consumption only).","IMF Balance of Payments Manual, 6th edition.","Actual","General trade system","","General Data Dissemination System (GDDS)","2006","Demographic and Health Survey, 2012","Integrated household survey (IHS), 2009","","2014","","2014","",
"TUV","Tuvalu","Tuvalu","Tuvalu","TV","Australian dollar","2013 national accounts estimates are based on IMF reports. Value added is measured at producer prices up to 1999 and at basic prices from 2000 onward.","East Asia & Pacific","Upper middle income","TV","2005","","Value added at basic prices (VAB)","IDA","","Country uses the 1968 System of National Accounts methodology.","","2011 (household consumption only).","IMF Balance of Payments Manual, 6th edition.","","","","General Data Dissemination System (GDDS)","2012","Demographic and Health Survey, 2007","","","","","2008","",
"TZA","Tanzania","Tanzania","United Republic of Tanzania","TZ","Tanzanian shilling","The new base year is 2007. Tanzania reports using a blend of SNA 1993 and SNA 2008.","Sub-Saharan Africa","Low income","TZ","2007","","Value added at basic prices (VAB)","IDA","HIPC","Country uses the 2008 System of National Accounts methodology.","","2011","IMF Balance of Payments Manual, 6th edition.","Actual","General trade system","Budgetary central government","General Data Dissemination System (GDDS)","2012","Demographic and Health Survey, 2015/16","Expenditure survey/budget survey (ES/BS), 2011/12","","2007/08","2010","2014","2002",
"UGA","Uganda","Uganda","Republic of Uganda","UG","Ugandan shilling","Fiscal year end: June 30; reporting period for national accounts data: FY. Based on official government statistics; the new base year is 2009/10. Uganda reports using SNA 2008. Price valuation is in producer prices.","Sub-Saharan Africa","Low income","UG","2009/10","","Value added at basic prices (VAB)","IDA","HIPC","Country uses the 2008 System of National Accounts methodology.","","2011","IMF Balance of Payments Manual, 6th edition.","Actual","General trade system","Budgetary central government","General Data Dissemination System (GDDS)","2014","Malaria Indicator Survey, 2014/15","Integrated household survey (IHS), 2012/13","","2008/09","2000","2014","2008",
"UZB","Uzbekistan","Uzbekistan","Republic of Uzbekistan","UZ","Uzbek sum","","Europe & Central Asia","Lower middle income","UZ","Original chained constant price data are rescaled.","1997","Value added at basic prices (VAB)","Blend","","Country uses the 1993 System of National Accounts methodology.","1990–95","","IMF Balance of Payments Manual, 6th edition.","Actual","General trade system","Consolidated central government","","1989","Multiple Indicator Cluster Survey, 2006","Expenditure survey/budget survey (ES/BS), 2011","Yes","","","","2005",
"VCT","St. Vincent and the Grenadines","St. Vincent and the Grenadines","St. Vincent and the Grenadines","VC","East Caribbean dollar","April 2012 database update: Based on official government statistics, national accounts data were revised for 2000 onward; the base year changed to 2006.","Latin America & Caribbean","Upper middle income","VC","2006","","Value added at basic prices (VAB)","Blend","","Country uses the 1993 System of National Accounts methodology.","","2011","IMF Balance of Payments Manual, 6th edition.","Actual","Special trade system","Consolidated central government","General Data Dissemination System (GDDS)","2011","","","Yes","","","2012","2013",
"VNM","Vietnam","Vietnam","Socialist Republic of Vietnam","VN","Vietnamese dong","National accounts value added data are now reported at basic prices.","East Asia & Pacific","Lower middle income","VN","2010","","Value added at basic prices (VAB)","Blend","","Country uses the 1993 System of National Accounts methodology.","1991","2011","IMF Balance of Payments Manual, 6th edition.","Actual","General trade system","","General Data Dissemination System (GDDS)","2009","Multiple Indicator Cluster Survey, 2013/14","Integrated household survey (IHS), 2014","Yes","2011","2012","2014","2005",
"VUT","Vanuatu","Vanuatu","Republic of Vanuatu","VU","Vanuatu vatu","2013 national accounts estimates are based on IMF reports. Based on official government statistics, value added is measured at producer prices through 1997 and at basic prices from 1998 onward.","East Asia & Pacific","Lower middle income","VU","2006","","Value added at basic prices (VAB)","IDA","","Country uses the 1993 System of National Accounts methodology.","","2011 (household consumption only).","IMF Balance of Payments Manual, 6th edition.","Estimate","General trade system","Budgetary central government","General Data Dissemination System (GDDS)","2009","Multiple Indicator Cluster Survey, 2007/08","Integrated household survey (IHS), 2010","","2007","","2011","",
"WSM","Samoa","Samoa","Samoa","WS","Samoan tala","Fiscal year ends on June 30; reporting period for national accounts data: FY. Data are revised from Samoa Bureau of Statistics and Central Bank of Samoa. The new base year is 2008/09. Other methodological changes include increased reliance on summary data from the country’s Value Added Goods and Services Tax system, incorporation of more recent benchmarks, and use of improved data sources.","East Asia & Pacific","Lower middle income","WS","2008/09","","Value added at basic prices (VAB)","IDA","","Country uses the 1993 System of National Accounts methodology.","","2011 (household consumption only).","IMF Balance of Payments Manual, 6th edition.","Actual","General trade system","Budgetary central government","General Data Dissemination System (GDDS)","2011","Demographic and Health Survey, 2009","","","2009","","2014","",
"XKX","Kosovo","Kosovo","Republic of Kosovo","","Euro","Kosovo became a World Bank member on June 29, 2009. Since 1999, Kosovo has been a territory under international administration pursuant to UN Security Council Resolution 1244 (1999).","Europe & Central Asia","Lower middle income","XK","2008","","Value added at basic prices (VAB)","IDA","","Country uses the 1993 System of National Accounts methodology.","","","IMF Balance of Payments Manual, 6th edition.","Actual","","","General Data Dissemination System (GDDS)","2011","Multiple Indicator Cluster Survey, 2013/14","Integrated household survey (IHS), 2011","","2014","","","",
"YEM","Yemen","Yemen, Rep.","Republic of Yemen","YE","Yemeni rial","Based on official government statistics and International Monetary Fund data, national accounts data have been revised for 1990 onward. The new base year is 2007.","Middle East & North Africa","Lower middle income","RY","2007","","Value added at producer prices (VAP)","IDA","","Country uses the 1993 System of National Accounts methodology.","1990–96","2011","IMF Balance of Payments Manual, 6th edition.","Estimate","Special trade system","Consolidated central government","General Data Dissemination System (GDDS)","2004","Demographic and Health Survey, 2013","Expenditure survey/budget survey (ES/BS), 2005","","","2009","2014","2005",
"ZMB","Zambia","Zambia","Republic of Zambia","ZM","New Zambian kwacha","The new base year is 2010. National accounts data were rebased to reflect the January 1, 2013, introduction of the new Zambian kwacha at a rate of 1,000 old kwacha = 1 new kwacha. Zambia reports using SNA 2008.","Sub-Saharan Africa","Lower middle income","ZM","2010","","Value added at basic prices (VAB)","IDA","HIPC","Country uses the 2008 System of National Accounts methodology.","1990–92","2011","IMF Balance of Payments Manual, 6th edition.","Actual","General trade system","Budgetary central government","General Data Dissemination System (GDDS)","2010","Demographic and Health Survey, 2013/14","Integrated household survey (IHS), 2010","","","","2014","2002",
"ZWE","Zimbabwe","Zimbabwe","Republic of Zimbabwe","ZW","U.S. dollar","Fiscal year end: June 30; reporting period for national accounts data: CY. As of January 2009, multiple hard currencies, such as rand, pound sterling, euro and U.S. dollar are in use. Data are reported in U.S. dollars, the most-used currency.","Sub-Saharan Africa","Low income","ZW","2009","","Value added at basic prices (VAB)","Blend","","Country uses the 1993 System of National Accounts methodology.","1991, 1998","2011","IMF Balance of Payments Manual, 6th edition.","Actual","General trade system","Budgetary central government","General Data Dissemination System (GDDS)","2012","Demographic and Health Survey, 2015","Integrated household survey (IHS), 2011/12","","","","2014","2002",
